Workbook
Name DrawdownFonds: Historique!$G$4:$G$262
Name NiveauConfianceVaR: Synthese!$D$5
Name RendementActif: Historique!$F$4:$F$262
Name RendementsBench: Historique!$E$4:$E$262
Name RendementsFonds: Historique!$D$4:$D$262
Name TauxSansRisque: Synthese!$D$6
Name VLBench: Historique!$C$4:$C$262
Name VLFonds: Historique!$B$4:$B$262

Sheet Synthese
A1: Reporting Risque Quotidien - Fonds Actions Europe Diversifie
A2: Portefeuille : | B2: Fonds Actions Europe Diversifie
A3: Date de valorisation : | B3: 46234
A4: Nombre de jours d'historique : | B4: =COUNT(RendementsFonds) -> 0
A5: Niveau de confiance VaR : | D5: 0.99
A6: Taux sans risque annuel : | D6: 0.025
A9: Code | B9: Indicateur | C9: Valeur | D9: Formule Excel
A10: VAR_MAX | B10: VaR historique 99% (1 jour) | C10: =IFERROR(-PERCENTILE.INC(RendementsFonds,1-NiveauConfianceVaR),"N/D") -> 0 | D10: =IFERROR(-PERCENTILE.INC(RendementsFonds,1-NiveauConfianceVaR),"N/D") -> 0
A11: VAR_PARAM | B11: VaR parametrique 99% (1 jour) | C11: =IFERROR(-(AVERAGE(RendementsFonds)-NORM.S.INV(NiveauConfianceVaR)*STDEV.S(RendementsFonds)),"N/D") -> 0 | D11: =IFERROR(-(AVERAGE(RendementsFonds)-NORM.S.INV(NiveauConfianceVaR)*STDEV.S(RendementsFonds)),"N/D") -> 0
A12: ES_975 | B12: Expected Shortfall 97,5% | C12: =IFERROR(-AVERAGEIF(RendementsFonds,"<="&PERCENTILE.INC(RendementsFonds,0.025)),"N/D") -> 0 | D12: =IFERROR(-AVERAGEIF(RendementsFonds,"<="&PERCENTILE.INC(RendementsFonds,0.025)),"N/D") -> 0
A13: VOL_ANN | B13: Volatilite annualisee | C13: =IFERROR(STDEV.S(RendementsFonds)*SQRT(252),"N/D") -> 0 | D13: =IFERROR(STDEV.S(RendementsFonds)*SQRT(252),"N/D") -> 0
A14: TE_MAX | B14: Tracking Error annualisee | C14: =IFERROR(STDEV.S(RendementActif)*SQRT(252),"N/D") -> 0 | D14: =IFERROR(STDEV.S(RendementActif)*SQRT(252),"N/D") -> 0
A15: BETA | B15: Beta vs benchmark | C15: =IFERROR(SLOPE(RendementsFonds,RendementsBench),"N/D") -> 0 | D15: =IFERROR(SLOPE(RendementsFonds,RendementsBench),"N/D") -> 0
A16: SHARPE | B16: Ratio de Sharpe | C16: =IFERROR((AVERAGE(RendementsFonds)*252-TauxSansRisque)/(STDEV.S(RendementsFonds)*SQRT(252)),"N/D") -> 0 | D16: =IFERROR((AVERAGE(RendementsFonds)*252-TauxSansRisque)/(STDEV.S(RendementsFonds)*SQRT(252)),"N/D") -> 0
A17: INFO_RATIO | B17: Ratio d'information | C17: =IFERROR((AVERAGE(RendementActif)*252)/(STDEV.S(RendementActif)*SQRT(252)),"N/D") -> 0 | D17: =IFERROR((AVERAGE(RendementActif)*252)/(STDEV.S(RendementActif)*SQRT(252)),"N/D") -> 0
A18: MAXDD | B18: Max Drawdown | C18: =IFERROR(MIN(DrawdownFonds),"N/D") -> 0 | D18: =IFERROR(MIN(DrawdownFonds),"N/D") -> 0
A19: CONCENTRATION_MAX | B19: Concentration emetteur max | C19: =IFERROR(MAX(TablePositions[Exposition Abs])/SUM(TablePositions[Exposition Abs]),"N/D") -> 0 | D19: =IFERROR(MAX(TablePositions[Exposition Abs])/SUM(TablePositions[Exposition Abs]),"N/D") -> 0
A20: EXPO_BRUTE | B20: Exposition brute | C20: =IFERROR(SUMPRODUCT(ABS(TablePositions[Exposition (EUR)])),"N/D") -> 0 | D20: =IFERROR(SUMPRODUCT(ABS(TablePositions[Exposition (EUR)])),"N/D") -> 0
A21: EXPO_NETTE | B21: Exposition nette | C21: =IFERROR(SUM(TablePositions[Exposition (EUR)]),"N/D") -> 0 | D21: =IFERROR(SUM(TablePositions[Exposition (EUR)]),"N/D") -> 0
A22: NB_LIGNES | B22: Nombre de lignes en portefeuille | C22: =COUNTA(TablePositions[ISIN]) -> 0 | D22: =COUNTA(TablePositions[ISIN]) -> 0
A23: SECTEUR_MAX | B23: Secteur le plus expose | C23: =IFERROR(INDEX(TablePositions[Secteur],MATCH(MAX(TablePositions[Exposition Abs]),TablePositions[Exposition Abs],0)),"N/D") -> 0 | D23: =IFERROR(INDEX(TablePositions[Secteur],MATCH(MAX(TablePositions[Exposition Abs]),TablePositions[Exposition Abs],0)),"N/D") -> 0
A25: NB_DEPASSEMENTS | B25: Nombre de depassements de limites | C25: =IFERROR(COUNTIF(Limites!$H$5:$H$100,"DEPASSEMENT"),0) -> 0 | D25: =COUNTIF(Limites!$H$5:$H$100,"DEPASSEMENT") -> 0

Sheet Positions
A1: Positions du portefeuille - Fonds Actions Europe Diversifie
A2: Base de calcul de l'ensemble des expositions et concentrations du reporting.
A3: ISIN | B3: Libelle | C3: Secteur | D3: Devise | E3: Notation | F3: Exposition (EUR) | G3: Duration | H3: Beta individuel | I3: Poids | J3: Exposition Abs
A4: XX3090700594 | B4: Emetteur 01 | C4: Technologie | D4: EUR | E4: BBB | F4: 520150.9 | G4: 1.76 | H4: 1.3 | I4: =F4/SUM(TablePositions[Exposition (EUR)]) -> 0 | J4: =ABS(F4) -> 0
A5: XX8452951478 | B5: Emetteur 02 | C5: Sante | D5: GBP | E5: A | F5: 449840.87 | G5: 4.82 | H5: 1.12 | I5: =F5/SUM(TablePositions[Exposition (EUR)]) -> 0 | J5: =ABS(F5) -> 0
A6: XX5751724146 | B6: Emetteur 03 | C6: Energie | D6: USD | E6: BB | F6: 776986.4 | G6: 7.78 | H6: 1.05 | I6: =F6/SUM(TablePositions[Exposition (EUR)]) -> 0 | J6: =ABS(F6) -> 0
A7: XX9150426362 | B7: Emetteur 04 | C7: Sante | D7: USD | E7: B | F7: 1648428.8 | G7: 7.41 | H7: 1.58 | I7: =F7/SUM(TablePositions[Exposition (EUR)]) -> 0 | J7: =ABS(F7) -> 0
A8: XX2508062918 | B8: Emetteur 05 | C8: Energie | D8: EUR | E8: AAA | F8: 762435.67 | G8: 6.28 | H8: 1.33 | I8: =F8/SUM(TablePositions[Exposition (EUR)]) -> 0 | J8: =ABS(F8) -> 0
A9: XX7621802713 | B9: Emetteur 06 | C9: Materiaux | D9: EUR | E9: BBB | F9: 676210.3 | G9: 5.26 | H9: 0.69 | I9: =F9/SUM(TablePositions[Exposition (EUR)]) -> 0 | J9: =ABS(F9) -> 0
A10: XX9147558552 | B10: Emetteur 07 | C10: Technologie | D10: USD | E10: BBB | F10: 400314.57 | G10: 2.09 | H10: 0.55 | I10: =F10/SUM(TablePositions[Exposition (EUR)]) -> 0 | J10: =ABS(F10) -> 0
A11: XX4200766380 | B11: Emetteur 08 | C11: Telecommunications | D11: USD | E11: BBB | F11: 534772.64 | G11: 0.85 | H11: 0.52 | I11: =F11/SUM(TablePositions[Exposition (EUR)]) -> 0 | J11: =ABS(F11) -> 0
A12: XX8333021974 | B12: Emetteur 09 | C12: Technologie | D12: EUR | E12: BBB | F12: 723449.91 | G12: 3.01 | H12: 1.06 | I12: =F12/SUM(TablePositions[Exposition (EUR)]) -> 0 | J12: =ABS(F12) -> 0
A13: XX6992054877 | B13: Emetteur 10 | C13: Materiaux | D13: EUR | E13: BB | F13: 662107.38 | G13: 3.35 | H13: 0.83 | I13: =F13/SUM(TablePositions[Exposition (EUR)]) -> 0 | J13: =ABS(F13) -> 0
A14: XX3186434294 | B14: Emetteur 11 | C14: Consommation | D14: EUR | E14: A | F14: 2668416 | G14: 8.86 | H14: 0.72 | I14: =F14/SUM(TablePositions[Exposition (EUR)]) -> 0 | J14: =ABS(F14) -> 0
A15: XX8059199240 | B15: Emetteur 12 | C15: Industrie | D15: EUR | E15: A | F15: 547227.69 | G15: 1.83 | H15: 0.92 | I15: =F15/SUM(TablePositions[Exposition (EUR)]) -> 0 | J15: =ABS(F15) -> 0
... A28: XX4909472098 | B28: Emetteur 25 | C28: Telecommunications | D28: USD | E28: A | F28: 462320.24 | G28: 6.6 | H28: 0.66 | I28: =F28/SUM(TablePositions[Exposition (EUR)]) -> 0 | J28: =ABS(F28) -> 0

Sheet Historique
A1: Historique de valeur liquidative (VL)
A2: Rendements et drawdown calcules par formule a partir des VL (colonnes B et C).
A3: Date | B3: VL Fonds | C3: VL Bench | D3: Rendement Fonds | E3: Rendement Bench | F3: Rendement Actif | G3: Drawdown Fonds
A4: 45873 | B4: 100.33361 | C4: 100.9192 | D4: ="" -> 0 | E4: ="" -> 0 | F4: =IFERROR(D4-E4,"") -> 0 | G4: =B4/MAX($B$4:B4)-1 -> 0
A5: 45874 | B5: 99.233307 | C5: 99.781021 | D5: =IFERROR((B5/B4)-1,"") -> 0 | E5: =IFERROR((C5/C4)-1,"") -> 0 | F5: =IFERROR(D5-E5,"") -> 0 | G5: =B5/MAX($B$4:B5)-1 -> 0
A6: 45875 | B6: 98.696221 | C6: 98.840516 | D6: =IFERROR((B6/B5)-1,"") -> 0 | E6: =IFERROR((C6/C5)-1,"") -> 0 | F6: =IFERROR(D6-E6,"") -> 0 | G6: =B6/MAX($B$4:B6)-1 -> 0
A7: 45876 | B7: 97.588128 | C7: 97.352804 | D7: =IFERROR((B7/B6)-1,"") -> 0 | E7: =IFERROR((C7/C6)-1,"") -> 0 | F7: =IFERROR(D7-E7,"") -> 0 | G7: =B7/MAX($B$4:B7)-1 -> 0
A8: 45877 | B8: 97.574169 | C8: 97.233192 | D8: =IFERROR((B8/B7)-1,"") -> 0 | E8: =IFERROR((C8/C7)-1,"") -> 0 | F8: =IFERROR(D8-E8,"") -> 0 | G8: =B8/MAX($B$4:B8)-1 -> 0
A9: 45880 | B9: 99.227293 | C9: 99.795093 | D9: =IFERROR((B9/B8)-1,"") -> 0 | E9: =IFERROR((C9/C8)-1,"") -> 0 | F9: =IFERROR(D9-E9,"") -> 0 | G9: =B9/MAX($B$4:B9)-1 -> 0
A10: 45881 | B10: 99.214527 | C10: 100.67596 | D10: =IFERROR((B10/B9)-1,"") -> 0 | E10: =IFERROR((C10/C9)-1,"") -> 0 | F10: =IFERROR(D10-E10,"") -> 0 | G10: =B10/MAX($B$4:B10)-1 -> 0
A11: 45882 | B11: 97.458691 | C11: 99.704535 | D11: =IFERROR((B11/B10)-1,"") -> 0 | E11: =IFERROR((C11/C10)-1,"") -> 0 | F11: =IFERROR(D11-E11,"") -> 0 | G11: =B11/MAX($B$4:B11)-1 -> 0
A12: 45883 | B12: 96.719045 | C12: 98.901176 | D12: =IFERROR((B12/B11)-1,"") -> 0 | E12: =IFERROR((C12/C11)-1,"") -> 0 | F12: =IFERROR(D12-E12,"") -> 0 | G12: =B12/MAX($B$4:B12)-1 -> 0
A13: 45884 | B13: 96.144718 | C13: 98.090265 | D13: =IFERROR((B13/B12)-1,"") -> 0 | E13: =IFERROR((C13/C12)-1,"") -> 0 | F13: =IFERROR(D13-E13,"") -> 0 | G13: =B13/MAX($B$4:B13)-1 -> 0
A14: 45887 | B14: 95.469662 | C14: 97.288523 | D14: =IFERROR((B14/B13)-1,"") -> 0 | E14: =IFERROR((C14/C13)-1,"") -> 0 | F14: =IFERROR(D14-E14,"") -> 0 | G14: =B14/MAX($B$4:B14)-1 -> 0
A15: 45888 | B15: 94.348489 | C15: 95.462115 | D15: =IFERROR((B15/B14)-1,"") -> 0 | E15: =IFERROR((C15/C14)-1,"") -> 0 | F15: =IFERROR(D15-E15,"") -> 0 | G15: =B15/MAX($B$4:B15)-1 -> 0
A16: 45889 | B16: 94.658717 | C16: 95.689444 | D16: =IFERROR((B16/B15)-1,"") -> 0 | E16: =IFERROR((C16/C15)-1,"") -> 0 | F16: =IFERROR(D16-E16,"") -> 0 | G16: =B16/MAX($B$4:B16)-1 -> 0
... A263: 46234 | B263: 98.527737 | C263: 107.91764 | D263: =IFERROR((B263/B262)-1,"") -> 0 | E263: =IFERROR((C263/C262)-1,"") -> 0 | F263: =IFERROR(D263-E263,"") -> 0 | G263: =B263/MAX($B$4:B263)-1 -> 0

Sheet Limites
A1: Referentiel et controle des limites de risque
A2: Valeur constatee calculee par formule (XLOOKUP vers Synthese pour VAR/TE/CONCENTRATION, SUMIFS sur Positions pour les limites sectorielles).
A4: Code | B4: Type | C4: Libelle | D4: Limite | E4: Seuil alerte | F4: Valeur constatee | G4: Utilisation | H4: Statut
A5: VAR_MAX | B5: VAR | C5: VaR historique 99% (1 jour) | D5: 0.025 | E5: 0.85 | F5: {=IFERROR(IF($B5="SECTEUR",SUMIFS(TablePositions[Exposition Abs],TablePositions[Secteur],PROPER(MID($A5,9,50)))/SUM(TablePositions[Exposition Abs]),_xlfn.XLOOKUP($A5,Synthese!$A$10:$A$23,Synthese!$C$10:$C$23,"N/D")),"N/D")} -> 0 | G5: =IFERROR(ABS(F5)/ABS(D5),"N/D") -> 0 | H5: =IF(G5>=1,"DEPASSEMENT",IF(G5>=E5,"ALERTE","OK")) -> 0
A6: TE_MAX | B6: TE | C6: Tracking error annualisee | D6: 0.04 | E6: 0.85 | F6: {=IFERROR(IF($B6="SECTEUR",SUMIFS(TablePositions[Exposition Abs],TablePositions[Secteur],PROPER(MID($A6,9,50)))/SUM(TablePositions[Exposition Abs]),_xlfn.XLOOKUP($A6,Synthese!$A$10:$A$23,Synthese!$C$10:$C$23,"N/D")),"N/D")} -> 0 | G6: =IFERROR(ABS(F6)/ABS(D6),"N/D") -> 0 | H6: =IF(G6>=1,"DEPASSEMENT",IF(G6>=E6,"ALERTE","OK")) -> 0
A7: CONCENTRATION_MAX | B7: CONCENTRATION | C7: Concentration emetteur max | D7: 0.12 | E7: 0.85 | F7: {=IFERROR(IF($B7="SECTEUR",SUMIFS(TablePositions[Exposition Abs],TablePositions[Secteur],PROPER(MID($A7,9,50)))/SUM(TablePositions[Exposition Abs]),_xlfn.XLOOKUP($A7,Synthese!$A$10:$A$23,Synthese!$C$10:$C$23,"N/D")),"N/D")} -> 0 | G7: =IFERROR(ABS(F7)/ABS(D7),"N/D") -> 0 | H7: =IF(G7>=1,"DEPASSEMENT",IF(G7>=E7,"ALERTE","OK")) -> 0
A8: SECTEUR_CONSOMMATION | B8: SECTEUR | C8: Exposition sectorielle max - Consommation | D8: 0.2 | E8: 0.85 | F8: {=IFERROR(IF($B8="SECTEUR",SUMIFS(TablePositions[Exposition Abs],TablePositions[Secteur],PROPER(MID($A8,9,50)))/SUM(TablePositions[Exposition Abs]),_xlfn.XLOOKUP($A8,Synthese!$A$10:$A$23,Synthese!$C$10:$C$23,"N/D")),"N/D")} -> 0 | G8: =IFERROR(ABS(F8)/ABS(D8),"N/D") -> 0 | H8: =IF(G8>=1,"DEPASSEMENT",IF(G8>=E8,"ALERTE","OK")) -> 0
A9: SECTEUR_ENERGIE | B9: SECTEUR | C9: Exposition sectorielle max - Energie | D9: 0.2 | E9: 0.85 | F9: {=IFERROR(IF($B9="SECTEUR",SUMIFS(TablePositions[Exposition Abs],TablePositions[Secteur],PROPER(MID($A9,9,50)))/SUM(TablePositions[Exposition Abs]),_xlfn.XLOOKUP($A9,Synthese!$A$10:$A$23,Synthese!$C$10:$C$23,"N/D")),"N/D")} -> 0 | G9: =IFERROR(ABS(F9)/ABS(D9),"N/D") -> 0 | H9: =IF(G9>=1,"DEPASSEMENT",IF(G9>=E9,"ALERTE","OK")) -> 0
A10: SECTEUR_FINANCE | B10: SECTEUR | C10: Exposition sectorielle max - Finance | D10: 0.2815 | E10: 0.85 | F10: {=IFERROR(IF($B10="SECTEUR",SUMIFS(TablePositions[Exposition Abs],TablePositions[Secteur],PROPER(MID($A10,9,50)))/SUM(TablePositions[Exposition Abs]),_xlfn.XLOOKUP($A10,Synthese!$A$10:$A$23,Synthese!$C$10:$C$23,"N/D")),"N/D")} -> 0 | G10: =IFERROR(ABS(F10)/ABS(D10),"N/D") -> 0 | H10: =IF(G10>=1,"DEPASSEMENT",IF(G10>=E10,"ALERTE","OK")) -> 0
A11: SECTEUR_INDUSTRIE | B11: SECTEUR | C11: Exposition sectorielle max - Industrie | D11: 0.2 | E11: 0.85 | F11: {=IFERROR(IF($B11="SECTEUR",SUMIFS(TablePositions[Exposition Abs],TablePositions[Secteur],PROPER(MID($A11,9,50)))/SUM(TablePositions[Exposition Abs]),_xlfn.XLOOKUP($A11,Synthese!$A$10:$A$23,Synthese!$C$10:$C$23,"N/D")),"N/D")} -> 0 | G11: =IFERROR(ABS(F11)/ABS(D11),"N/D") -> 0 | H11: =IF(G11>=1,"DEPASSEMENT",IF(G11>=E11,"ALERTE","OK")) -> 0
A12: SECTEUR_MATERIAUX | B12: SECTEUR | C12: Exposition sectorielle max - Materiaux | D12: 0.2 | E12: 0.85 | F12: {=IFERROR(IF($B12="SECTEUR",SUMIFS(TablePositions[Exposition Abs],TablePositions[Secteur],PROPER(MID($A12,9,50)))/SUM(TablePositions[Exposition Abs]),_xlfn.XLOOKUP($A12,Synthese!$A$10:$A$23,Synthese!$C$10:$C$23,"N/D")),"N/D")} -> 0 | G12: =IFERROR(ABS(F12)/ABS(D12),"N/D") -> 0 | H12: =IF(G12>=1,"DEPASSEMENT",IF(G12>=E12,"ALERTE","OK")) -> 0
A13: SECTEUR_SANTE | B13: SECTEUR | C13: Exposition sectorielle max - Sante | D13: 0.2 | E13: 0.85 | F13: {=IFERROR(IF($B13="SECTEUR",SUMIFS(TablePositions[Exposition Abs],TablePositions[Secteur],PROPER(MID($A13,9,50)))/SUM(TablePositions[Exposition Abs]),_xlfn.XLOOKUP($A13,Synthese!$A$10:$A$23,Synthese!$C$10:$C$23,"N/D")),"N/D")} -> 0 | G13: =IFERROR(ABS(F13)/ABS(D13),"N/D") -> 0 | H13: =IF(G13>=1,"DEPASSEMENT",IF(G13>=E13,"ALERTE","OK")) -> 0
A14: SECTEUR_TECHNOLOGIE | B14: SECTEUR | C14: Exposition sectorielle max - Technologie | D14: 0.2 | E14: 0.85 | F14: {=IFERROR(IF($B14="SECTEUR",SUMIFS(TablePositions[Exposition Abs],TablePositions[Secteur],PROPER(MID($A14,9,50)))/SUM(TablePositions[Exposition Abs]),_xlfn.XLOOKUP($A14,Synthese!$A$10:$A$23,Synthese!$C$10:$C$23,"N/D")),"N/D")} -> 0 | G14: =IFERROR(ABS(F14)/ABS(D14),"N/D") -> 0 | H14: =IF(G14>=1,"DEPASSEMENT",IF(G14>=E14,"ALERTE","OK")) -> 0
A15: SECTEUR_TELECOMMUNICATIONS | B15: SECTEUR | C15: Exposition sectorielle max - Telecommunications | D15: 0.2 | E15: 0.85 | F15: {=IFERROR(IF($B15="SECTEUR",SUMIFS(TablePositions[Exposition Abs],TablePositions[Secteur],PROPER(MID($A15,9,50)))/SUM(TablePositions[Exposition Abs]),_xlfn.XLOOKUP($A15,Synthese!$A$10:$A$23,Synthese!$C$10:$C$23,"N/D")),"N/D")} -> 0 | G15: =IFERROR(ABS(F15)/ABS(D15),"N/D") -> 0 | H15: =IF(G15>=1,"DEPASSEMENT",IF(G15>=E15,"ALERTE","OK")) -> 0

Sheet Graphiques
A1: Graphiques de reporting
A3: Secteur | B3: Exposition brute
A4: Consommation | B4: =SUMIFS(TablePositions[Exposition Abs],TablePositions[Secteur],"Consommation") -> 0
A5: Energie | B5: =SUMIFS(TablePositions[Exposition Abs],TablePositions[Secteur],"Energie") -> 0
A6: Finance | B6: =SUMIFS(TablePositions[Exposition Abs],TablePositions[Secteur],"Finance") -> 0
A7: Industrie | B7: =SUMIFS(TablePositions[Exposition Abs],TablePositions[Secteur],"Industrie") -> 0
A8: Materiaux | B8: =SUMIFS(TablePositions[Exposition Abs],TablePositions[Secteur],"Materiaux") -> 0
A9: Sante | B9: =SUMIFS(TablePositions[Exposition Abs],TablePositions[Secteur],"Sante") -> 0
A10: Technologie | B10: =SUMIFS(TablePositions[Exposition Abs],TablePositions[Secteur],"Technologie") -> 0
A11: Telecommunications | B11: =SUMIFS(TablePositions[Exposition Abs],TablePositions[Secteur],"Telecommunications") -> 0

Sheet Documentation
A1: Documentation du reporting
A3: Objet | B3: Reporting risque quotidien : VaR, ES, TE, beta, drawdown, controle de limites.
A4: Methodologie VaR historique | B4: Percentile empirique des rendements passes (PERCENTILE.INC), sans hypothese de distribution.
A5: Methodologie VaR parametrique | B5: Hypothese de rendements gaussiens, quantile via NORM.S.INV, echelle racine du temps.
A6: Expected Shortfall | B6: Moyenne des pertes au-dela du seuil de VaR (moyenne de la queue de distribution).
A7: Tracking Error | B7: Ecart-type annualise des rendements actifs (fonds - benchmark).
A8: Beta | B8: Pente de la regression lineaire des rendements du fonds sur ceux du benchmark (fonction SLOPE).
A9: Bloomberg | B9: La collecte de donnees de marche en conditions reelles s'appuie sur le Bloomberg Excel Add-in (fonctions BDP/BDH/BDS, voir vba/modBloomberg.bas). Cet add-in NECESSITE un terminal Bloomberg actif et une session BBComm ouverte. Le module bloomberg_stub.py de ce depot simule localement ces fonctions pour permettre de developper et tester le reporting hors terminal.
A10: Limites de risque | B10: Chaque limite est controlee automatiquement (feuille Limites) : statut OK / ALERTE / DEPASSEMENT selon le taux d'utilisation par rapport au seuil d'alerte parametre.
A11: Avertissement | B11: Donnees entierement synthetiques, generees a des fins de demonstration. Ne constituent en aucun cas des donnees de marche reelles ni un conseil en investissement.
A14: Champs Bloomberg documentes
A15: Champ | B15: Description
A16: PX_LAST | B16: Dernier cours de cloture / cours courant
A17: VOLATILITY_90D | B17: Volatilite historique 90 jours (%, annualisee)
A18: CRNCY | B18: Devise de cotation ISO 4217
A19: DUR_ADJ_MID | B19: Duration modifiee (obligations), mid-market
A20: CUR_MKT_CAP | B20: Capitalisation boursiere courante
A21: NAME | B21: Nom court de l'emetteur / instrument
A22: GICS_SECTOR_NAME | B22: Secteur GICS de l'emetteur
A23: RSK_BB_ISSUER_RATING | B23: Notation credit composite Bloomberg
